Workbook
Name DSKTTRUC: OPTION_PARAMETER!$C$15:$D$77
Name DSTINHTP: OPTION_PARAMETER!$C$15:$C$77

Sheet AJS-Vn2000=>LatLong
B2: Địa phương (Tỉnh/TP) | C2: Ninh Thuận | G2: KT Trục | H2: =VLOOKUP(C2,DSKTTRUC,2,FALSE) -> 108.25
G3: Múi chiếu | H3: 3
E4: 1
B6: Input | C6: VN2000- 3 degrees | G6: Output | H6: Lat/Long
A8: Tọa độ VN2000 | B8: X (m) | C8: 568262.92 | G8: Lat: | H8: =GEOCENTRIC_GEO!D23 -> 11.349358 | I8: =TEXT(MOD(H8,360)/24,"[h]\°mm'ss\""") -> 11°20'58" | L8: 20.821669 | M8: =TEXT(MOD(L8,360)/24,"[h]\°mm'ss\""") -> 20°49'18"
B9: Y (m): | C9: 1255172.5 | G9: Long: | H9: =GEOCENTRIC_GEO!D24 -> 108.8772 | I9: =TEXT(MOD(H9,360)/24,"[h]\°mm'ss\""") -> 108°52'38" | L9: 108.68333 | M9: =TEXT(MOD(L9,360)/24,"[h]\°mm'ss\""") -> 108°41'00"
C11: =HYPERLINK("https://www.google.com/maps/place/" & TEXT(MOD(H8,360)/24,"[h]\°mm'ss\""") & "N+" & TEXT(MOD(H9,360)/24,"[h]\°mm'ss\""") & "E/") -> https://www.google.com/maps/place/11°20'58"N+108°52'38"E/ | I11: Link
B13: =HYPERLINK("http://lisp.vn", "Chỉnh sửa bởi AJS - www.lisp.vn") -> Chỉnh sửa bởi AJS - www.lisp.vn

Sheet START
C2: SELECT YOUR CHOICE :
E3: 1
B5: Input | C5: =IF($E$3=1,OPTION_PARAMETER!$C$8,OPTION_PARAMETER!$C$9) -> VN2000- 3 degrees | F5: Output | G5: =IF($E$3=1,OPTION_PARAMETER!$C$9,OPTION_PARAMETER!$C$8) -> UTM (WGS84) | O5: STT | P5: Tỉnh, thành phố | Q5: Kinh tuyến trục
O6: 1 | P6: Lai Châu | Q6: 103
A7: DEMO 1 cặp điểm | B7: X (m) | C7: ='AJS-Vn2000=>LatLong'!C8 -> 568262.92 | F7: X (m) | G7: =GEO_XY!C27 -> 923353.93 | H7: 20.042879 | O7: 2 | P7: Sơn La | Q7: 104
B8: Y (m): | C8: ='AJS-Vn2000=>LatLong'!C9 -> 1255172.5 | F8: Y (m): | G8: =GEO_XY!C28 -> 1257430.6 | H8: 105.00187 | O8: 3 | P8: Kiên Giang | Q8: 104.5
O9: 4 | P9: Cà Mau | Q9: 104.5
B10: Zone | C10: MC: | D10: ='AJS-Vn2000=>LatLong'!H2 -> 108.25 | F10: Zone | G10: MC: | I10: 105 | O10: 5 | P10: Lào Cai | Q10: 104.75
C11: False Easting | D11: 500000 | G11: False Easting | I11: 500000 | O11: 6 | P11: Yên Bái | Q11: 104.75
C12: False Northing | D12: 0 | G12: False Northing | I12: 0 | O12: 7 | P12: Nghệ An | Q12: 104.75
C13: Scale Factor | D13: 0.9999 | G13: Scale Factor | I13: 0.9996 | O13: 8 | P13: Phú Thọ | Q13: 104.75
O14: 9 | P14: An Giang | Q14: 104.75
B15: Ellipsoid | C15: WGS84 | F15: Ellipsoid | G15: WGS84 | O15: 10 | P15: Thanh Hoá | Q15: 105
C16: Semimajor a: | D16: 6378137 | G16: Semimajor a: | I16: 6378137 | O16: 11 | P16: Vĩnh Phúc | Q16: 105
C17: Semiminor b: | D17: 6356752.3 | G17: Semiminor b: | I17: 6356752.3 | O17: 12 | P17: Hà Tây | Q17: 105
C18: 1 / f: | D18: 298.25722 | G18: 1 / f: | I18: 298.25722 | O18: 13 | P18: Đồng Tháp | Q18: 105
O19: 14 | P19: Cần Thơ | Q19: 105
O20: 15 | P20: Bạc Liêu | Q20: 105
O21: 16 | P21: Hà Nội | Q21: 105
B22: 7 PARAMETERS TO TRANSFORM VN2000 TO WGS84 | O22: 17 | P22: Ninh Bình | Q22: 105
B23: DELTA_X | C23: DELTA_Y | D23: DELTA_Z | E23: ROT_X | F23: ROT_Y | G23: ROT_Z | I23: BWSCALE | O23: 18 | P23: Hà Nam | Q23: 105
B24: =IF($E$3=1,OPTION_PARAMETER!$E$3,OPTION_PARAMETER!$E$4) -> -191.90441 | C24: =IF($E$3=1,OPTION_PARAMETER!$F$3,OPTION_PARAMETER!$F$4) -> -39.303183 | D24: =IF($E$3=1,OPTION_PARAMETER!$G$3,OPTION_PARAMETER!$G$4) -> -111.45033 | E24: =IF($E$3=1,OPTION_PARAMETER!$H$3,OPTION_PARAMETER!$H$4) -> -0.00928836 | F24: =IF($E$3=1,OPTION_PARAMETER!$I$3,OPTION_PARAMETER!$I$4) -> 0.01975479 | G24: =IF($E$3=1,OPTION_PARAMETER!$J$3,OPTION_PARAMETER!$J$4) -> -0.00427372 | I24: =IF($E$3=1,OPTION_PARAMETER!$K$3,OPTION_PARAMETER!$K$4) -> 2.5290628e-07 | O24: 19 | P24: Hà Giang | Q24: 105.5
O25: 20 | P25: Hải Dương | Q25: 105.5
O26: 21 | P26: Hà Tĩnh | Q26: 105.5
O27: 22 | P27: Bắc Ninh | Q27: 105.5
O28: 23 | P28: Hưng Yên | Q28: 105.5
O29: 24 | P29: Thái Bình | Q29: 105.5
O30: 25 | P30: Nam Định | Q30: 105.5
O31: 26 | P31: Tây Ninh | Q31: 105.5
O32: 27 | P32: Vĩnh Long | Q32: 105.5
O33: 28 | P33: Sóc Trăng | Q33: 105.5
O34: 29 | P34: Trà Vinh | Q34: 105.5
O35: 30 | P35: Cao Bằng | Q35: 105.75
O36: 31 | P36: Long An | Q36: 105.75
... O66: 61 | P66: Bình Thuận | Q66: 108.5

Sheet XY_GEO
B1: UTM_GEO
B3: X | C3: =START!C7 -> 568262.92
B4: Y | C4: =START!C8 -> 1255172.5
C6: Degrees | D6: Radians
B7: Latitude of natural Original (ϕ0) | C7: 0 | D7: 0
B8: Longitude of natural Original (λ0) | C8: ='AJS-Vn2000=>LatLong'!H2 -> 108.25 | D8: =RADIANS(C8) -> 1.8893189
B10: False Easting | C10: =START!D11 -> 500000
B11: False Northing | C11: =START!D12 -> 0
B12: Scale Factor | C12: =START!D13 -> 0.9999
B14: Ellipsoid | C14: =START!C15 -> WGS84
B15: a | C15: =START!D16 -> 6378137
B16: 1/f | C16: =START!D18 -> 298.25722
B17: e² | C17: =2*(1/C16)-(1/C16)^2 -> 0.00669438
B18: e'² | C18: =C17/(1-(1/C16))^2 -> 0.0067394967
B20: Calculation
B21: e1 | C21: =(1-(1-C17)^0.5)/(1+(1-C17)^0.5) -> 0.0016792204
B22: M0 | C22: =C15*((1-I25-I26-I27)*D7-(I28+I29+I30)*SIN(2*D7)+(I31+I32)*SIN(4*D7)-I33*SIN(6*D7)) -> 0
B23: M1 | C23: =C22+(C4-C11)/C12 -> 1255298
B24: μ1 | C24: =C23/(C15*(1-(C17/4)-3*((C17)^2/64)-5*((C17)^3/256))) -> 0.197143
B25: ϕ1 | C25: =C24+((3*C21/2)-27*(C21^3)/32)*SIN(2*C24)+(21*(C21^2)/16-55*(C21^4)/32)*SIN(4*C24)+(151*(C21^3)/96)*SIN(6*C24)+(1097*(C21^4)/512)*SIN(8*C24) -> 0.19811324 | H25: e²/4 | I25: =C17/4 -> 0.001673595
B26: T1 | C26: =TAN(C25)^2 -> 0.040299155 | H26: 3e^4/64 | I26: =3*(C17^2)/64 -> 2.1006902e-06
B27: v1 | C27: =C15/(1-C17*(SIN(C25))^2)^0.5 -> 6378964.2 | H27: 5e^6/256 | I27: =5*(C17^3)/256 -> 5.8595076e-09
B28: ρ1 | C28: =C15*(1-C17)/(1-C17*(SIN(C25))^2)^1.5 -> 6337904.6 | H28: 3e²/8 | I28: =3*C17/8 -> 0.0025103925
B29: C1 | C29: =C18*(COS(C25))^2 -> 0.0064784218 | H29: 3e^4/32 | I29: =3*(C17^2)/32 -> 4.2013803e-06
B30: D | C30: =(C3-C10)/(C12*C27) -> 0.010702326 | H30: 45e^6/1024 | I30: =45*(C17^3)/1024 -> 1.3183892e-08
H31: 15e^4/256 | I31: =15*(C17^2)/256 -> 2.6258627e-06
C32: Radians | D32: Degrees | H32: 45e^6/1024 | I32: =45*(C17^3)/1024 -> 1.3183892e-08
B33: Latitude | C33: =C25-(C27*(TAN(C25))/C28)*((C30^2)/2-(5+3*C26+10*C29-4*(C29^2)-9*C18)*(C30^4)/24+(61+90*C26+298*C29+45*(C26^2)-252*C18-3*C29^2)*(C30^6)/720) -> 0.19810167 | D33: =DEGREES(C33) -> 11.35039 | E33: =TEXT(MOD(D33,360)/24,"[h]\°mm'ss\""") -> 11°21'01" | H33: 35e^6/3072 | I33: =35*(C17^3)/3072 -> 3.4180461e-09
B34: Longitude | C34: =D8+(C30-(1+2*C26+C29)*(C30^3)/6+(5-2*C29+28*C26-3*(C29^2)+8*C18+24*C26^2)*(C30^5)/120)/COS(C25) -> 1.9002345 | D34: =DEGREES(C34) -> 108.87542 | E34: =TEXT(MOD(D34,360)/24,"[h]\°mm'ss\""") -> 108°52'32"

Sheet GEO_GEOCENTRIC
B1: GEO_GEOCENTRIC
C3: Degrees | D3: Radians
B4: Latitude (ϕ) | C4: =XY_GEO!D33 -> 11.35039 | D4: =RADIANS(C4) -> 0.19810167
B5: Longitude (λ) | C5: =XY_GEO!D34 -> 108.87542 | D5: =RADIANS(C5) -> 1.9002345
B8: Ellipsoid | C8: =START!C15 -> WGS84
B9: a | C9: =START!D16 -> 6378137
B10: 1/f | C10: =START!D18 -> 298.25722
B11: e² | C11: =2*(1/C10)-(1/C10)^2 -> 0.00669438
B12: e'² | C12: =C11/(1-(1/C10))^2 -> 0.0067394967
B14: Height (meters) | C14: 0
B16: Calculation
B17: ν | C17: =C9/(1-C11*(SIN(D4))*(SIN(D4)))^0.5 -> 6378964.1
B18: X | C18: =(C17+C14)*(COS(D4))*(COS(D5)) -> -2023306.9
B19: Y | C19: =(C17+C14)*(COS(D4))*(SIN(D5)) -> 5917879.4
B20: Z | C20: =((1-C11)*C17+C14)*SIN(D4) -> 1247029.9

Sheet TRANS 7 PARAMETERS
A1: TRANS 7 PARAMETERS
B4: Original Geocentric Coordinates
B6: X Geocentric | C6: =GEO_GEOCENTRIC!C18 -> -2023306.9
B7: Y Geocentric | C7: =GEO_GEOCENTRIC!C19 -> 5917879.4
B8: Z Geocentric | C8: =GEO_GEOCENTRIC!C20 -> 1247029.9
B11: 7 PARAMETERS TO TRANSFORM VN2000 TO WGS84
B12: DELTA_X | C12: DELTA_Y | D12: DELTA_Z | E12: ROT_X | F12: ROT_Y | G12: ROT_Z | H12: BWSCALE
B13: =START!B24 -> -191.90441 | C13: =START!C24 -> -39.303183 | D13: =START!D24 -> -111.45033 | E13: =START!E24 -> -0.00928836 | F13: =START!F24 -> 0.01975479 | G13: =START!G24 -> -0.00427372 | H13: =START!I24/1000000 -> 2.5290628e-13
B16: Transformation Geocentric Coordinates
B18: X Geocentric | C18: =+B13+((1+H13)*(C6+(C7*RADIANS(G13/60/60))-(C8*RADIANS(F13/60/60)))) -> -2023499
B19: Y Geocentric | C19: =+C13+((1+H13)*(-(RADIANS(G13/60/60)*C6)+C7+(C8*RADIANS(E13/60/60)))) -> 5917840
B20: Z Geocentric | C20: =+D13+((1+H13)*((C6*RADIANS(F13/60/60))-(C7*RADIANS(E13/60/60))+C8)) -> 1246918.5

Sheet GEOCENTRIC_GEO
B1: GEOCENTRIC_GEO
B4: X | C4: ='TRANS 7 PARAMETERS'!C18 -> -2023499
B5: Y | C5: ='TRANS 7 PARAMETERS'!C19 -> 5917840
B6: Z | C6: ='TRANS 7 PARAMETERS'!C20 -> 1246918.5
B8: Ellipsoid | C8: =START!G15 -> WGS84
B9: a | C9: =START!I16 -> 6378137
B10: b | C10: =START!I17 -> 6356752.3
B11: 1/f | C11: =START!I18 -> 298.25722
B12: e² | C12: =2*(1/C11)-(1/C11)^2 -> 0.00669438
B13: e'² | C13: =C12/(1-(1/C11))^2 -> 0.0067394967
B15: Height (meters) | C15: =GEO_GEOCENTRIC!C14 -> 0
B17: Calculation
B18: ν | C18: =GEO_GEOCENTRIC!C17 -> 6378964.1
B19: p | C19: =((C4^2)+(C5^2))^0.5 -> 6254228.9
B20: θ | C20: =ATAN((C6*C9)/(C19*C10)) -> 0.19743668
C22: Radians | D22: Degrees
B23: Latitude (ϕ) | C23: =ATAN((C6+C13*C10*(SIN(C20)^3))/(C19-C12*C9*(COS(C20))^3)) -> 0.19808367 | D23: =DEGREES(C23) -> 11.349358
B24: Longitude (λ) | C24: =(ATAN(C5/C4)) -> -1.241327 | D24: =D29 -> 108.8772
B25: Height (meters) | C25: =(C19/(COS(C23)))-C18 -> 2.3281399 | D25: =IF(C25>0,DEGREES(C25),-(180-DEGREES(C25))) -> 133.39259
C27: =IF(START!D10>=0,"","OESTE") | D27: =IF(C24>=0,-(180-DEGREES(C24)),DEGREES(C24)) -> -71.122799
C28: =IF(START!D10>=0,"ESTE","") -> ESTE | D28: =IF(C24>=0,DEGREES(C24),(180+DEGREES(C24))) -> 108.8772
C29: =IF(C27<>"",C27,C28) -> ESTE | D29: =IF(C27<>"",D27,D28) -> 108.8772

Sheet GEO_XY
B1: GEO_UTM
C3: Degrees | D3: Radians
B4: Latitude (ϕ) | C4: =GEOCENTRIC_GEO!D23 -> 11.349358 | D4: =RADIANS(C4) -> 0.19808367
B5: Longitude (λ) | C5: =GEOCENTRIC_GEO!D24 -> 108.8772 | D5: =RADIANS(C5) -> 1.9002656
B6: Latitude of natural Origin (ϕ0) | C6: 0 | D6: =RADIANS(C6) -> 0
B7: Longitude of natural Origin (λ0) | C7: =START!I10 -> 105 | D7: =RADIANS(C7) -> 1.8325957
B9: False Easting | C9: =START!I11 -> 500000
B10: False Northing | C10: =START!I12 -> 0
B11: Scale Factor | C11: =START!I13 -> 0.9996
B13: Ellipsoid | C13: =START!G15 -> WGS84
B14: a | C14: =START!I16 -> 6378137
B15: 1/f | C15: =START!I18 -> 298.25722
B16: e² | C16: =2*(1/C15)-(1/C15)^2 -> 0.00669438
B17: e'² | C17: =C16/(1-(1/C15))^2 -> 0.0067394967
B19: Calculation
B20: A | C20: =(D5-D7)*COS(D4) -> 0.066346674
B21: T | C21: =TAN(D4)^2 -> 0.040286804
B22: v | C22: =C14/(1-C16*SIN(D4)^2)^0.5 -> 6378963.9
B23: C | C23: =(C16)*(COS(D4)^2)/(1-C16) -> 0.0064784987
B24: M | C24: =C14*((1-I24-I25-I26)*D4-(I27+I28+I29)*SIN(2*D4)+(I30+I31)*SIN(4*D4)-I32*SIN(6*D4)) -> 1255110.6 | H24: e²/4 | I24: =C16/4 -> 0.001673595
B25: Mo | C25: =C14*((1-I24-I25-I26)*D6-(I27+I28+I29)*SIN(2*D6)+(I30+I31)*SIN(4*D6)-I32*SIN(6*D6)) -> 0 | H25: 3e^4/64 | I25: =3*(C16^2)/64 -> 2.1006902e-06
H26: 5e^6/256 | I26: =5*(C16^3)/256 -> 5.8595076e-09
B27: X: | C27: =C9+C11*C22*(C20+((1-C21+C23)*(C20^3)/6)+((5-18*C21+(C21^2)+72*C23-58*C17)*(C20^5)/120)) -> 923353.93 | H27: 3e²/8 | I27: =3*C16/8 -> 0.0025103925
B28: Y: | C28: =C10+C11*(C24-C25+(C22*TAN(D4)*((((C20^2)/2)+(5-C21+9*C23+4*C23^2)*(C20^4)/24)+((61-58*C21+C21^2+600*C23-330*C17)*(C20^6)/720)))) -> 1257430.6 | H28: 3e^4/32 | I28: =3*(C16^2)/32 -> 4.2013803e-06
H29: 45e^6/1024 | I29: =45*(C16^3)/1024 -> 1.3183892e-08
H30: 15e^4/256 | I30: =15*(C16^2)/256 -> 2.6258627e-06
H31: 45e^6/1024 | I31: =45*(C16^3)/1024 -> 1.3183892e-08
H32: 35e^6/3072 | I32: =35*(C16^3)/3072 -> 3.4180461e-09

Sheet OPTION_PARAMETER
E1: 7 PARAMETERS TO TRANSFORM VN2000 TO WGS84
E2: DELTA_X | F2: DELTA_Y | G2: DELTA_Z | H2: ROT_X | I2: ROT_Y | J2: ROT_Z | K2: BWSCALE
D3: VN2000 HỘI NHẬP -> WGS84 (OR VN2000 NỘI BỘ) | E3: -191.90441 | F3: -39.303183 | G3: -111.45033 | H3: -0.00928836 | I3: 0.01975479 | J3: -0.00427372 | K3: 2.5290628e-07
D4: WGS84 (OR VN2000 NỘI BỘ) -> VN2000 HỘI NHẬP | E4: 191.90441 | F4: 39.303183 | G4: 111.45033 | H4: 0.00928836 | I4: -0.01975479 | J4: 0.00427372 | K4: -2.5290628e-07
D7: Datum | E7: Scale Factor
C8: VN2000- 3 degrees | D8: VN2000 | E8: 0.9999
C9: UTM (WGS84) | D9: WGS84 | E9: 0.9996
B14: STT | C14: Tỉnh, thành phố | D14: Kinh tuyến trục
B15: 1 | C15: An Giang | D15: 104.75
B16: 2 | C16: Bà Rịa - Vũng Tàu | D16: 107.75
B17: 3 | C17: Bắc Giang | D17: 107
B18: 4 | C18: Bắc Kạn | D18: 106.5
B19: 5 | C19: Bạc Liêu | D19: 105
B20: 6 | C20: Bắc Ninh | D20: 105.5
B21: 7 | C21: Bến Tre | D21: 105.75
B22: 8 | C22: Bình Định | D22: 108.25
B23: 9 | C23: Bình Dương | D23: 105.75
B24: 10 | C24: Bình Phước | D24: 106.25
B25: 11 | C25: Bình Thuận | D25: 108.5
B26: 12 | C26: Cà Mau | D26: 104.5
... B77: 63 | C77: Yên Bái | D77: 104.75

Sheet LIST_COORDINATE
A1: X | B1: Y | C1: X_Trans | D1: Y_Trans | H1: Note: X, Y là các cặp điểm cần chuyển, X_Trans Y_Trans là kết quả được chuyển
